Message,Link
ℹ️ Commands are rate limited in group chats. I do not talk unless asked to do so.",https://t.me/absolute_cinema_freaks/140
Deep impact 1998 (dual audio),https://t.me/absolute_cinema_freaks/128
Zodiac 2007 (dual audio),https://t.me/absolute_cinema_freaks/123
The brothers grimsby 2016 (dual audio),https://t.me/absolute_cinema_freaks/118
Life 2017 (dual audio),https://t.me/absolute_cinema_freaks/114
Donnie darko 2001 (dual audio),https://t.me/absolute_cinema_freaks/107
The shawshank redemption 1994 (dual audio),https://t.me/absolute_cinema_freaks/102
For random gc join here             > https://t.me/zgroupltd,https://t.me/absolute_cinema_freaks/98
The truman show 1998 (dual audio),https://t.me/absolute_cinema_freaks/81
Into the wild 2007 (dual audio),https://t.me/absolute_cinema_freaks/73
Interstellar 2014 (dual audio),https://t.me/absolute_cinema_freaks/65
Fight club 1999 (dual audio),https://t.me/absolute_cinema_freaks/60
American psycho 2000 (dual audio),https://t.me/absolute_cinema_freaks/55
The curious case of benjamin button 2008 (dual audio),https://t.me/absolute_cinema_freaks/50
The silence of the lambs 1991 (dual audio),https://t.me/absolute_cinema_freaks/42
"Me, Myself & Irene 2000 (dual audio)",https://t.me/absolute_cinema_freaks/35
The 36th chamber of shaolin 1978 (dual audio),https://t.me/absolute_cinema_freaks/29
Stand by me 1986 (dual audio),https://t.me/absolute_cinema_freaks/24
Mandala Murders 2025 Thriller series,https://t.me/absolute_cinema_freaks/14